58.50053950769922,54.37049567269866,60.42179386309992,70.61702703007222,120.46120131150496,133.22975160166348,149.92923457345174,126.80050578846803,72.1321758137753,129.49716629297038,59.9263481763258,63.63862161557395,53.687547549787425,53.51995244610933,111.34108701016127,135.72907809353322,174.36090848064444,130.83927053032,143.61361342275856,129.30297660438302,91.16359364511077,82.60584023271426,97.17039606175878,106.37224378098293,123.70463874744847
58.58146566258289,54.43878835562549,60.497268742272674,70.69845526348405,120.60999628181582,133.43420254018207,150.16734854445318,127.0102956052602,72.24785641048753,129.6769348641736,60.03147236518237,63.76304542403222,53.79115014544641,53.62028666920886,111.52623314865077,135.90358021928844,174.59897068695457,131.0326359364511,143.8335613826518,129.46621879275924,91.30556052808234,82.72413291564108,97.30803311702842,106.53412888898858,123.87115587357843
58.5955490614814,54.456648308418565,60.50318084747668,70.72035874843667,120.6112018748662,133.33942902101833,150.05777228279194,126.91569068225245,72.20864646828839,129.5952362173673,60.00934213470575,63.74390243902439,53.76809129559185,53.58686435925618,111.46804692582042,135.87723204296262,174.52555381517118,130.9918661893041,143.77662008478947,129.44277831363138,91.2861825911837,82.72017229805326,97.30147684045647,106.49690451089029,123.84497880262892
58.52450264133978,54.40457457569968,60.45437788018433,70.64679503791422,120.45962390003719,133.24331797235024,149.92940316960772,126.83917050691244,72.1904386330603,129.4943494867779,59.965126426493626,63.6858581338107,53.73746923249049,53.562605145689865,111.36075906776429,135.72687402103378,174.33583575744015,130.8473036473484,143.62965164531977,129.29476682891814,91.18460505705974,82.62812709778474,97.19776236294473,106.38026289226352,123.69967026311657
58.56138024053052,54.426930425986285,60.483522535686184,70.6734194900454,120.53981273872432,133.2831965831179,149.973732718894,126.85996403282005,72.18436559890934,129.52312597884014,59.97924591631237,63.703199820989035,53.73918102483777,53.568134407034385,111.38991947242098,135.79951890803312,174.44890355784293,130.92208547773552,143.69841412260828,129.37478970862026,91.21790109644216,82.65176773327366,97.21488028641754,106.41971916287207,123.74574370247414
58.48903001011577,54.35645723277509,60.41170057322693,70.6054781246831,120.4744628350591,133.276351579184,149.9863437113634,126.84530740699113,72.14976395164108,129.5238921501245,59.91588722309241,63.61963526515999,53.66250839113896,53.496276440636144,111.31388932504879,135.77765719400313,174.40739539046766,130.91304542403222,143.68111975953883,129.34327404051052,91.17268963974044,82.6121615573954,97.18400089505482,106.39466364594783,123.70246293263946
58.63104417219287,54.503967629538046,60.55894121614027,70.7525041407051,120.64724572690501,133.4093289872991,150.12840283241542,126.97281105990784,72.2698951021374,129.65153853954232,60.05412844036697,63.78600358021929,53.81090848064444,53.642246697023396,111.49627644063615,135.91672633698815,174.58527634817634,131.01075184605057,143.82766200847894,129.4584912855252,91.2966435444171,82.72856343701052,97.32077646005818,106.53538502949687,123.86211614813486
58.55384961222884,54.4360008991795,60.46592109699899,70.66786474823387,120.4823160907237,133.25570416994492,149.95979543666405,126.82760481061032,72.19648913276171,129.51512624925354,59.976985902886554,63.69182143656299,53.75091743119266,53.56898678809358,111.34459747426034,135.71196017006042,174.3515663459387,130.84300738420228,143.62904600614613,129.300666203091,91.19093756992616,82.62397628104722,97.19752741105393,106.40202104035352,123.69472420986519
58.58647858828819,54.46916938293807,60.511475778352256,70.7107365384832,120.57150744200196,133.36450488928853,150.0874789254805,126.95083736090817,72.28077924126508,129.6161369193154,60.00910718281495,63.73377713134929,53.765148802864175,53.60512325878737,111.41164397389022,135.8565227120161,174.50407249944058,130.97439024390243,143.76685134922948,129.43010475314597,91.25745133139405,82.68179682255538,97.26028194226896,106.45116753774029,123.77934546107086
58.5442396313364,54.417477801506124,60.48557940878948,70.68038263495319,120.52719344698207,133.2959424525121,149.98563560750816,126.87928515229852,72.20201007289894,129.56391333250707,59.993287088834194,63.70145446408593,53.75355784291788,53.576837666270386,111.38487247930733,135.76616692772433,174.3715708212128,130.88017453569032,143.6588456965972,129.33619703461116,91.25049228015216,82.68665249496532,97.25603043186395,106.45721271393643,123.7744891321415
58.47215915477127,54.36158255591773,60.40409126671912,70.59735445562403,120.47911619888905,133.2070023603462,149.91003709115432,126.77209171630886,72.08613793336563,129.46045767467015,59.9041620049228,63.62020586260908,53.658905795479974,53.49267625221507,111.34801821403737,135.74611769970912,174.36020362497203,130.85240545983442,143.6408784011126,129.30323456180884,91.15285298724547,82.59183262474826,97.15863727903334,106.36970906888585,123.69907583948319
58.55405192761605,54.430909295268066,60.48118466898955,70.67095196782081,120.5269230335876,133.27749803304485,149.96476340339441,126.84757783522535,72.18857954097327,129.5262470001014,59.989650928619376,63.70297605728351,53.75252852987246,53.582882842466525,111.41671339808438,135.78682031774446,174.42782501678226,130.90109644215707,143.6991431327247,129.34605549449316,91.24141866189304,82.67347281270978,97.25890579547998,106.45099930463651,123.76156882977052
58.64289086208834,54.51918624255367,60.57138361245364,70.75598571315899,120.58939979493651,133.34438574800495,150.03668652354727,126.93836124536361,72.27391750138024,129.59138282649602,60.04869098232267,63.772958156187066,53.82060863727904,53.64888629685292,111.42935331194904,135.8468784963079,174.47321548444842,130.97660550458716,143.76513537157084,129.42792893833695,91.27178339673306,82.71235175654509,97.27581114343253,106.47378928242973,123.76615598573383
58.51852309767337,54.39281780375408,60.43667528380353,70.62406904555338,120.40762565772424,133.1447678992919,149.8143194335169,126.71832078228617,72.11133144795106,129.38280396155622,59.94198925934214,63.63927053031998,53.704878048780486,53.53166147013302,111.27240304165451,135.6277131349295,174.2289550234952,130.75283061087492,143.52359749669142,129.20909131692875,91.11907585589617,82.5741217274558,97.12948086820317,106.31410242031359,123.6014782082053
58.585770484432956,54.46145891873665,60.506833764190176,70.71845458745057,120.58761957342287,133.45696302124313,150.17051815218613,127.03358435427673,72.2950548150485,129.6849796626593,60.034918326247485,63.7551577534124,53.79381293354218,53.606603710100714,111.4742491195801,135.88125978966212,174.54348847616916,131.01217274558067,143.80406451178754,129.46728426908325,91.3077086596554,82.72604609532334,97.31954575967778,106.5200309548911,123.85472510710841
58.63661908508486,54.50930650781162,60.56445993031359,70.7700810113461,120.63863756718082,133.4172754861189,150.13347195683937,126.99749353714735,72.29577591743377,129.6620846619269,60.05385992392034,63.77918997538599,53.828317296934436,53.655155783854106,111.48201027343487,135.9373237860819,174.6164578205415,131.05839113895726,143.85762993203383,129.49192481101815,91.30033564555829,82.7184493175207,97.29313045424033,106.49006303133622,123.83015185841502
58.449533550635046,54.322704282342364,60.37201303810273,70.5512264374162,120.40078645228894,133.21221760143868,149.92784084522873,126.80567607058559,72.10391761405248,129.4609308981105,59.8713806220631,63.57763481763258,53.63200939807563,53.47394629999327,111.27087772818017,135.7104162004923,174.36790109644215,130.8232266726337,143.62212601781027,129.2851551109217,91.10185723875587,82.54509957484896,97.123036473484,106.30962741975281,123.62542338664453
58.59007530628302,54.46397662133303,60.51490390019107,70.71367728414815,120.53459601365587,133.2950882319883,149.9880858716421,126.88617511520738,72.22111928610863,129.53074262278457,60.01691653613784,63.723674200044755,53.7719959722533,53.61093290863821,111.39524685404096,135.7953569031103,174.45162228686507,130.9167934660998,143.71103160539244,129.36945111146005,91.26306780040278,82.69007607965987,97.25478854329828,106.4597025638725,123.76781588569122
58.777351916376304,54.651489266044734,60.72644711700573,70.93104458440841,120.86898471037598,133.6355737889176,150.3649544790379,127.21193660784535,72.42853762689712,129.87470846055908,60.211356008055496,63.92650481091967,53.96013649586037,53.7899553621498,111.70447051434468,136.1676325799955,174.87075408368761,131.27756768852092,144.0814696843947,129.73356362575984,91.50204743790557,82.92158200939808,97.51955694786305,106.74655122137233,124.0850137951145
58.555558053276386,54.42463751826458,60.46819152523322,70.65321735603304,120.48482868184738,133.24371136338092,149.9416769697651,126.83711363380915,72.18170653386365,129.47463184343064,59.96010293130454,63.6736965764153,53.73223316178116,53.55922926807384,111.34506852695094,135.73824121727455,174.36639069142984,130.8438017453569,143.64341311320968,129.28983199120702,91.15394942940254,82.60252852987246,97.1666032669501,106.35086696126153,123.66176173706287
58.711543216814654,54.584893784421716,60.648027424974714,70.84966141989567,120.71354207745091,133.49871866921436,150.19859503203327,127.08403956389795,72.36973398082318,129.7452593151781,60.16162452450212,63.87892145893936,53.91528306108749,53.74541845180682,111.58235571207464,135.9783844260461,174.60578429178787,131.0864734840009,143.88326865705122,129.52831923913774,91.424737077646,82.86445513537704,97.44050123070038,106.64446737399341,123.97717637558601
58.59007530628302,54.466404405979546,60.543733842868384,70.74199181999482,120.6378263269974,133.44946611217264,150.1581207148477,127.03123524783635,72.26520793663313,129.66223113584894,60.054396956813605,63.77812709778474,53.816547326023716,53.633846257374216,111.51408671855724,135.9451331394048,174.6112105616469,131.06109867979413,143.87295036001885,129.5096453646172,91.30689192213023,82.73665249496531,97.32340568359812,106.52827437697674,123.86050111033849
58.52018657974598,54.403866471844445,60.45044396987749,70.63769112030016,120.45731411895936,133.24609418905249,149.9429358210633,126.85073620321457,72.17307583968993,129.4935269793697,59.92852987245469,63.65159991049452,53.70432982770195,53.53004643233665,111.31558287162693,135.724938464981,174.31633475050347,130.833117028418,143.61454431259955,129.28755523653575,91.18746923249049,82.62896621168046,97.19669948534347,106.39368789394585,123.6941073551513
58.46504439698775,54.34794874676857,60.39852759357087,70.59492073507374,120.40687075366466,133.21203776553895,149.90814881420704,126.79506575250085,72.1522202066409,129.46353362703232,59.899116133363165,63.61585365853659,53.66455582904453,53.504060025571434,111.26870191337116,135.6705862609085,174.26392929066904,130.79174311926604,143.56213409299926,129.24647271259056,91.11697247706422,82.57224211232938,97.11800179010964,106.32678719633925,123.62612996568045
58.47677868944588,54.36803416882095,60.4191637630662,70.61055964305432,120.44825527024439,133.29477351916375,149.99944925255704,126.88129706642688,72.18076008698297,129.51499104255632,59.94461848288208,63.65396061758783,53.707854106064,53.52568358717839,111.32839101859537,135.7429514432759,174.3866189304095,130.8877489371224,143.64718153473453,129.3224916444225,91.18886775565004,82.61672633698814,97.18953904676661,106.37465512213723,123.68108611291805
58.51023940654153,54.374036191974824,60.44457682364842,70.63631651887823,120.50203373407096,133.32481735416434,150.03456221198158,126.91274586939417,72.18335154868005,129.55918109810372,59.936439919445064,63.66333631684941,53.70247258894607,53.53086516677509,111.37150355532626,135.81334750503467,174.48335198030878,130.9377489371224,143.72853906372669,129.38391915838585,91.20060416200492,82.64185500111881,97.20674647572164,106.40955788340324,123.72434445167224
58.552860514780264,54.4332134427335,60.49307631785995,70.68798801167284,120.54914200083377,133.28898505114083,149.9887040575475,126.87321569068226,72.19917073225693,129.52349779725756,59.99693443723428,63.71410830163347,53.763336316849404,53.585294183620825,111.40410713084049,135.80742895502348,174.4138621615574,130.92240993510853,143.70158812049976,129.35833651106975,91.23054374580443,82.672186171403,97.23518684269412,106.44465130885355,123.75314595904085
58.42809935933461,54.31615151174553,60.35480499044622,70.5319369486102,120.33616891823375,133.15120827245138,149.84077779026637,126.73831628638867,72.07938886572848,129.3782182010749,59.835153278138286,63.560035802192886,53.61818080107407,53.44183620825015,111.19175209169826,135.62069814276126,174.23816289997762,130.76568583575744,143.54155357663578,129.20390973733205,91.07423360930856,82.5140523607071,97.08077869769524,106.25810322783248,123.55688522016105
58.57402495223109,54.45549061481398,60.5037203551759,70.70798733563936,120.56887091140581,133.34071035180398,150.011655614252,126.90684500393391,72.22173898347098,129.5629330839521,59.980017901096446,63.705862609084804,53.757339449541284,53.57070276575222,111.39185976088469,135.79729245916312,174.42225330051465,130.92315954352205,143.70030954891098,129.35767479419485,91.23976281047214,82.68168494070262,97.27196240769747,106.46361678742065,123.767984118795
58.67800382151287,54.55836798920985,60.61213892323255,70.8007729316192,120.6459387288317,133.43831628638867,150.1271327413735,127.01711812970665,72.34010117967843,129.65923405406014,60.12766838218841,63.84235846945625,53.87618035354665,53.71224288373971,111.5056302012068,135.90965540389348,174.5141530543746,131.01653613783844,143.81231914941344,129.4642448576748,91.37451331394048,82.8011859476393,97.36517117923472,106.56128171194007,123.88515286781364
58.50668764752164,54.38899629088457,60.439013150500166,70.6269421878697,120.47638953049474,133.24026076205462,149.942947060807,126.82947060807014,72.15274976620509,129.4628688607709,59.90699261579772,63.638532110091745,53.678082345043634,53.51247168076086,111.29901751867388,135.73269187737748,174.38887894383532,130.86531662564332,143.65350709943698,129.31868957627688,91.17665025732826,82.61568583575745,97.17604609532334,106.37946658890559,123.69621587671878
58.57335056760706,54.46272900977858,60.50474317185568,70.70657893254312,120.53665791578877,133.32768348881646,150.025042149039,126.91274586939417,72.23350196613072,129.55898955528264,60.009263817408815,63.72070933094652,53.76909823226673,53.59290953545232,111.41768915008636,135.8105952114567,174.43986350413962,130.9281047214142,143.72432202059173,129.36917072295373,91.28143880062653,82.71342582233162,97.28514208995301,106.49056773064758,123.80904421165968
58.513734966842755,54.39643700123637,60.45748004945487,70.6399220308046,120.42995729721812,133.18099359334607,149.87122625604135,126.77376643812521,72.12647459804175,129.39286559327573,59.91924367867532,63.63957261132244,53.70355784291788,53.526749063502386,111.26976738969516,135.65855896173642,174.27220854777354,130.78176325799956,143.5664520759965,129.22524169489245,91.13481763258,82.5823562318192,97.14120608637279,106.33110517933649,123.62042125569188
58.483140384399235,54.35780600202315,60.40828369113184,70.59004202674839,120.34849526213199,133.10858716421265,149.78756884343036,126.71960211307182,72.09970367198855,129.3201131229367,59.88862161557395,63.59719176549564,53.658066681584245,53.4856216773962,111.21486732015882,135.62140299843367,174.1902550906243,130.74920563884538,143.51703640564367,129.17968417038648,91.07698590288655,82.52553143880063,97.0774781830387,106.25487315223974,123.53213252282363
58.64153085309655,54.52746993368551,60.59054737551984,70.78459319684968,120.65479476750082,133.45678318534337,150.172170394515,127.04807238394964,72.31560623302875,129.668788660665,60.081819198925935,63.79591631237413,53.83664130678004,53.66069626073888,111.49632130279716,135.92934660997986,174.58991944506602,131.0544081449989,143.85235862811513,129.50398151678965,91.3543969568136,82.78454911613336,97.35592973819647,106.57072519683273,123.88876427177497
58.47213667528381,54.36141395976172,60.409699898842305,70.58645904927157,120.39604295066083,133.1807687984714,149.8728672586265,126.77009104192425,72.1178213694185,129.38498980316157,59.905996867308126,63.62783620496755,53.685757440143206,53.50791817141832,111.27617146317938,135.67362944730365,174.31180353546654,130.81957932423362,143.6000089724322,129.25347120970818,91.12748937122399,82.5674535690311,97.12521816961289,106.31595298445527,123.61464525246181
58.67085534449814,54.55244464426211,60.61951219512195,70.80440097799512,120.63934740234133,133.43219062605374,150.12199617848714,127.01658986175116,72.33114373598639,129.6383896882359,60.09788543298277,63.81644663235623,53.85313269187738,53.68664902088334,111.49857562638792,135.94589393600359,174.5825576191542,131.06739762810471,143.87262510935153,129.50807518898185,91.37540836876259,82.78889013202058,97.37418885656747,106.5732374778493,123.88677912115027
58.35679442508711,54.23360683376419,60.28067888052152,70.46980947122914,120.25910110080785,133.06438125210744,149.76475216365066,126.66421265595145,71.99947044043581,129.29873919754826,59.76595435220407,63.474334302976054,53.530935332289104,53.35834772660999,111.10747852224041,135.50110763034235,174.13375475497875,130.63740210337883,143.42274735874028,129.08030326820844,90.98825240545983,82.44250391586485,96.99221302304767,106.19268298153922,123.478196989749
58.489041249859504,54.37215915477127,60.42187254130606,70.6163284621365,120.4421935033182,133.25744633022367,149.94384624030573,126.84362144543104,72.1785855126024,129.4791387333386,59.91200492280152,63.61874021033788,53.68341910942045,53.50120006280702,111.28684865749983,135.69704631908704,174.31960170060415,130.8364734840009,143.6226643637424,129.27663130032974,91.16470127545313,82.6097449093757,97.19326471246364,106.3777393957067,123.68414795540701
58.655018545577164,54.53132516578622,60.59355962684051,70.77580476152919,120.57452705824028,133.32141171181297,150.00306845003934,126.89915701921996,72.2554617872072,129.52909760796817,60.05501230700381,63.778194226896396,53.828048780487805,53.660763553980395,111.41619748323276,135.8034459610651,174.416558514209,130.9181136719624,143.70717345954554,129.36190305287005,91.28546654732602,82.73620496755426,97.29972029536809,106.48729279289384,123.78659070007403
58.72845903113409,54.601652242328875,60.66805664830842,70.85799916622537,120.74523678072853,133.57478925480498,150.28376981004834,127.15803079689783,72.4065214696968,129.77566955483195,60.15637726560752,63.88146117699709,53.92505034683374,53.73847603239048,111.60356429869226,136.03090176773327,174.68459386887446,131.13714477511746,143.95021421681884,129.573046813665,91.4640523607071,82.89421570821213,97.47803759230253,106.67894394472982,124.00995939974429
58.34458806339215,54.2294593683264,60.269742609868494,70.45953376223902,120.20381282886213,132.9706755085984,149.6401483646173,126.58987299089581,71.97612475071266,129.2041959145043,59.78450436339226,63.491284403669724,53.56235175654509,53.38119378210448,111.07074762791324,135.43177444618482,173.98605952114568,130.57104497650482,143.34233193512932,129.00762656737174,90.96526068471694,82.43243454911614,96.96937793689864,106.14780960498867,123.42554002826316
58.57110261886029,54.44703832752613,60.50175340002248,70.70953094543283,120.5587078746634,133.37664381252108,150.08749016522424,126.97160840732832,72.2457381722308,129.59558550133517,59.97950324457373,63.701700604162006,53.74582680689192,53.5688409860703,111.3954038716045,135.81695010069367,174.46521593197582,130.94667710897292,143.76009959399744,129.38727260492138,91.25218169612889,82.69362273439248,97.25571716267622,106.46788990825688,123.78097171440749
58.49236821400472,54.38418568056648,60.42241204900528,70.62355075321398,120.38387434790937,133.1710127009104,149.85455771608406,126.76411149825783,72.13792209840794,129.39416132412424,59.923360930857015,63.63887894383531,53.70223763705527,53.52839774791952,111.26137816558624,135.61360483329605,174.19162004922802,130.7512307003804,143.51368295910814,129.18607702833046,91.17004922801522,82.6124412620273,97.18357574401432,106.3657724142572,123.65243040757274
58.55873890075306,54.435225356861864,60.503754074407105,70.69028652552589,120.53488896149989,133.3563560750815,150.0576936045858,126.94523996852871,72.22113055333341,129.56740617218574,59.96328037592303,63.68473931528306,53.73206533900201,53.56611560978892,111.36981000874812,135.8194003132692,174.46164690087267,130.92934660997986,143.73624413988023,129.3743971647114,91.2256880733945,82.65656746475722,97.23669724770642,106.43772010497746,123.73884614521882
58.49117680116893,54.37701472406429,60.42029897718332,70.61143848658637,120.38444897637262,133.18940092165897,149.89187366528043,126.7933235922221,72.13333633792661,129.39671898414701,59.9176437681808,63.62631461176997,53.69029984336541,53.51507368609946,111.25997622305466,135.63043186395166,174.22177220854778,130.77632579995526,143.53657387676364,129.20389852179179,91.12421123293802,82.57614678899083,97.12998433654062,106.30852829680806,123.60461855947601
58.55199505451276,54.441384736428006,60.49576261661234,70.64993859362501,120.38209412639573,133.1424749915702,149.82698662470494,126.75971675845791,72.15948756661747,129.35432041733802,59.974032221973594,63.68923696576415,53.755034683374355,53.5821538323501,111.2823400103183,135.58478406802416,174.1603043186395,130.7289997762363,143.50686391063456,129.1854489580763,91.1939471917655,82.65384873573507,97.17771313492952,106.35481483143043,123.62698234673964
58.59811172305272,54.48637743059458,60.53461841070023,70.72295021013375,120.49421428008067,133.25768236484208,149.9260087670001,126.86660672136675,72.2394172591349,129.47065451308688,60.03053255761915,63.73808458268069,53.801734168717836,53.6145779592203,111.34928557008591,135.7110763034236,174.274737077646,130.8366077422242,143.623135416433,129.2819362508692,91.24344372342806,82.69448422465877,97.23467218617141,106.43603777393957,123.70378636638927
58.52362594132854,54.39527930763179,60.455411936607845,70.65734116029881,120.52473719198224,133.33226930425985,150.02811059907833,126.930954254243,72.18623595822113,129.5466294097101,59.93533228910271,63.654452897739986,53.691776683821885,53.51774298467957,111.35268387878244,135.79008726784517,174.43942716491384,130.9189751622287,143.72555573001952,129.35036226195015,91.20911837100023,82.65502349518908,97.22976057283509,106.43810143334605,123.75080191112806
58.55054512757109,54.41349893222434,60.483286501067774,70.68246707153561,120.5170867463635,133.34540856468473,150.06261661234123,126.94477913903563,72.2231135848929,129.54997577546675,59.940915193555604,63.659151935556054,53.704061311255316,53.53350081873444,111.33822704739687,135.80512418885658,174.44601700604161,130.9140523607071,143.71700948834706,129.36573876763643,91.26277690758559,82.69381293354218,97.26070709330946,106.46618514613849,123.77445548552073
58.69471732044509,54.57309205350118,60.64104754411599,70.8382815228781,120.68610638513627,133.48407328312913,150.18958075755873,127.07928515229852,72.35233738577851,129.6814530213063,60.11449988811815,63.84150816737525,53.87168270306556,53.69055202889123,111.53889549359593,135.94320877153726,174.59157529648692,131.07366301185948,143.8627666494695,129.5140979340975,91.39311926605505,82.81461176997091,97.40088386663683,106.60574011350127,123.9143693501716
58.65488366865235,54.53722603124649,60.60572102956053,70.81396685182473,120.74337768864152,133.54210408002697,150.27768910868832,127.14175564797122,72.34339120931124,129.75990670737892,60.079055717162674,63.81543969568136,53.826583128216605,53.66713398084386,111.56478096049887,135.99468561199373,174.6876034907138,131.1210561646901,143.92225387496916,129.55575245059555,91.40542626985903,82.82452450212575,97.43264712463639,106.64968260021085,123.96811421906193
58.51281330785658,54.38627627290098,60.459964032820054,70.64590492715739,120.47073338366027,133.31603911430818,150.02107451950096,126.9235135438912,72.1993735423028,129.51145313397856,59.92435667934661,63.63900201387335,53.688823002908926,53.529440793163005,111.30191112805903,135.7492392034012,174.40195793242336,130.88134929514433,143.67239406922232,129.3249029855768,91.22321548444842,82.64759454016558,97.21813604833297,106.40527354702677,123.6956438841659
58.46256041362257,54.34541980442846,60.40494548724289,70.59405315876647,120.42448142597996,133.2061144205912,149.90724963470834,126.80037091154321,72.11455387423524,129.41140017802215,59.85983441485791,63.57348400089506,53.62474826583128,53.45326484376753,111.2466072990736,135.67953680912956,174.28523159543522,130.80389348847618,143.58500257957425,129.23889100737983,91.12755650033564,82.5645670172298,97.13610427388677,106.3534016733586,123.64460196047644
58.57659885354614,54.47028211756772,60.50848600651905,70.67331808502247,120.34357148490756,133.1044846577498,149.7529054737552,126.71915252332246,72.19099072707401,129.3259044764684,60.010024614007605,63.71300067129112,53.79372342805997,53.626286983243986,111.23132051770934,135.5409151935556,174.05579547997314,130.68232266726338,143.44845337699917,129.13386868845473,91.16425374804207,82.63391138957262,97.15365853658537,106.33193512931518,123.58487920863148
58.48571428571429,54.3794087894796,60.42863886703383,70.61493132626502,120.38651087850552,133.19414409351467,149.8842643587726,126.79922445768237,72.13952204432526,129.3958626750645,59.90479973148355,63.620116357126875,53.682210785410604,53.5008523810592,111.23621049325946,135.65639964197808,174.23721190422913,130.77773551130008,143.58282676476526,129.21931988963908,91.14320877153726,82.58249049004252,97.14255985679122,106.3317893272919,123.60385590273883
58.396762953804654,54.293694503765316,60.33944026076205,70.5089743445292,120.24607618897389,133.00704731932112,149.67322693042598,126.62069236821401,72.02842720809437,129.2105168276002,59.81712911165809,63.52818303871112,53.60397180577311,53.42407079249008,111.11833516520491,135.4123965092862,173.9473595882748,130.55148802864176,143.32403938897735,128.99074717929162,91.04554710226002,82.49109420452002,97.03643991944507,106.22057603014737,123.48849285570085
58.43859727998202,54.344531864673485,60.38238732156907,70.56206550764482,120.23724268475432,133.03743958637742,149.69726874227268,126.63940654153085,72.08161977623291,129.25410972023482,59.865394942940256,63.58186395166704,53.67258894607295,53.48665350709944,111.1141741997712,135.46697247706422,174.00849183262474,130.60774222421122,143.3825396469348,129.05539355330745,91.04939583799508,82.5108301633475,97.04597225330052,106.22563423880128,123.49000695363496
58.45573788917613,54.35274811734293,60.388985051140835,70.55913602920465,120.24730431647382,133.08580420366417,149.7713723727099,126.71503877711588,72.11163566301984,129.30035041069036,59.89309688968449,63.58767061982547,53.66778921458939,53.49096027455643,111.1442318476481,135.5122398746923,174.0630566122175,130.6542962631461,143.42510262219332,129.08457638904466,91.09751622286865,82.55422913403446,97.09789662116805,106.26484376752428,123.52298064197753
58.459323367427224,54.351028436551644,60.39503203326964,70.56368798801168,120.33808434644463,133.09348094863438,149.77000112397437,126.69003034730808,72.08927022185165,129.30480096447445,59.87271201611099,63.578619377936896,53.65033564555829,53.47833157623203,111.17444651308854,135.5478742447975,174.13125978966212,130.6823562318192,143.45926515780266,129.12444763464256,91.07697471470128,82.54402550906244,97.08863280375922,106.27561068616676,123.54469392790651
58.36440373159492,54.2698774867933,60.30111273462965,70.46642930379818,120.13581512737598,132.92778464651005,149.58244352028774,126.54049679667304,72.00760537671967,129.13092515182586,59.79641978071157,63.50476616692772,53.59136272096666,53.42760368766964,111.03295125726206,135.3415305437458,173.87559856791228,130.48454911613337,143.2434333011821,128.9354882124672,90.9927164913851,82.45497874244798,96.97774669948534,106.14949193602656,123.39508983647742
58.365010677756544,54.25917725075868,60.30586714622907,70.48061473978345,120.17541942244206,132.9244801618523,149.5973137012476,126.5499831403844,71.99158338309691,129.14415287370568,59.77563213246811,63.48111434325352,53.555236070709334,53.38283125098136,111.02044592988044,135.37528529872455,173.93909151935557,130.54300738420227,143.28505417105941,128.9708171642628,90.98626090848065,82.4425262922354,96.97013873349742,106.14802270025348,123.40382674233418
58.45944700460829,54.36042486231314,60.40101157693604,70.58561400741384,120.32521717575744,133.041047544116,149.71734292458132,126.66701135214117,72.07890437506337,129.26810361339898,59.894528977399865,63.61413067800403,53.67722085477735,53.4978466162715,111.20045535093425,135.5400089505482,174.0729805325576,130.67042962631461,143.43065431461832,129.10704111617056,91.05493398970687,82.5234168717834,97.05933094652048,106.23756757363002,123.4949866535071
58.442306395414185,54.33900191075644,60.386590985725526,70.55229682376934,120.28039615562291,133.0333370799146,149.7103630437226,126.64969090704732,72.05664033891811,129.23741169312586,59.877522935779815,63.584940702618034,53.664958603714474,53.487135775330295,111.17592696440188,135.46700604162004,174.01080778697695,130.6028417990602,143.37429622484916,129.04385276238756,91.04773998657417,82.50379279480869,97.03777131349295,106.21975729570893,123.48301967205761
58.43124648758008,54.325761492637966,60.36495447903788,70.54652800468716,120.23767083929557,133.04644262110824,149.7123524783635,126.6647971226256,72.07955787410003,129.25410972023482,59.84065786529425,63.53561199373462,53.62960393824122,53.45269285121464,111.10209506291918,135.48221078541062,174.0404005370329,130.62917878720071,143.39550481146676,129.06811197595388,91.04455135377042,82.50467666144552,97.0313157305885,106.21781700724524,123.45916421794038
58.680071934359894,54.57647521636507,60.62714398111723,70.82158349576916,120.60956812727457,133.42694166573003,150.11696077329438,127.02803192087221,72.32545378747761,129.60260498236678,60.12338330722757,63.847359588274784,53.891250839113894,53.724860366523856,111.50014580202328,135.81614455135377,174.44471917654957,130.9591295591855,143.75455911711268,129.40682129158162,91.36946744238085,82.8147124636384,97.38157305884985,106.5655996949373,123.86590700074022
58.53371923120153,54.41469034506013,60.473991232999886,70.66502540759186,120.4406949624238,133.29214341913004,149.98786107676744,126.8867146229066,72.21667999954931,129.49231011909455,59.938576862832846,63.66087491608861,53.71571940031327,53.550133464929004,111.30120454902313,135.7297046319087,174.36136719624076,130.86578652942492,143.66281599784662,129.30750768264508,91.2215708212128,82.66104273886775,97.22801521593198,106.42999259774344,123.71811982683205
58.55560301225132,54.4448690569855,60.49336855119703,70.68697396144356,120.47420368888939,133.3408901877037,150.0208160053951,126.93737214791503,72.24885919349205,129.50686737349724,59.96908704408145,63.694763929290666,53.74734840008951,53.57608622507346,111.31150041497499,135.71985902886553,174.31496979189976,130.86331394047886,143.64095690989436,129.28109508535027,91.24889236965764,82.69633027522936,97.26134481987022,106.45134698638434,123.73466274870461
58.666258289311,54.555434416095316,60.61820838484883,70.80127995673385,120.59076312913366,133.35090479937057,150.02920085422053,126.9538720917163,72.30698680607979,129.55416718308115,60.08133810695905,63.80692548668606,53.84975385992392,53.67174356788767,111.43926784953231,135.8281942268964,174.4336316849407,130.9453121503692,143.73737690944571,129.39867880935824,91.3286193779369,82.76528306108749,97.34565898411277,106.5301025100379,123.8049954016285
58.557435090479935,54.45899741485894,60.507362032145664,70.68789787387469,120.4419343571485,133.25855906485333,149.93920422614363,126.86933797909407,72.23345689723165,129.47288542359132,59.941508167375254,63.67373014097114,53.73529872454688,53.56341266458805,111.27174132477961,135.68545535914075,174.28355336764378,130.83457149250393,143.61449945043853,129.26897108633722,91.21738643991945,82.66293354217946,97.21204967554263,106.41141966308517,123.67086875574796
58.635259076093064,54.51783747330561,60.59014274474542,70.77663853616215,120.52720471420685,133.32180510284365,149.98916488704057,126.92328874901652,72.27676810924702,129.51408966457473,60.037178339673304,63.76124412620273,53.82405459834415,53.64618335165205,111.36357416836769,135.78224434996645,174.4027411053927,130.91285522488252,143.71532715730916,129.35561113478838,91.29208995300962,82.73795032445737,97.29773998657417,106.48280657679281,123.7694982167291
58.53665280431606,54.40966617961111,60.463515791839946,70.64773021757011,120.40389620632541,133.16136900078678,149.84123861975948,126.77596942789704,72.14311628902685,129.37962660417114,59.89776236294473,63.618952785858134,53.67656075184605,53.520625378524485,111.23352997913909,135.65187961512643,174.20991273215483,130.76533900201386,143.55728897961015,129.21029137973576,91.16227343924815,82.60474379055717,97.15645558290446,106.33737466633768,123.63312846279806
58.43861975946948,54.323299988760255,60.37278858042037,70.55968812321836,120.27819904679278,133.09748229740362,149.7671237495785,126.71625266943914,72.09107297781483,129.2887001002783,59.845356903110314,63.56734168717834,53.62945849183262,53.4623045692111,111.14757407864337,135.52941373909152,174.07411053927052,130.65431863951667,143.43471434018977,129.10883560261098,91.11019243678675,82.55535914074737,97.10656746475722,106.27617146317938,123.5513896054373
58.38009441384737,54.27734067663257,60.31056535910981,70.4816738589118,120.12405214471623,132.90855344498146,149.53346071709564,126.52519950545127,71.9963719536241,129.1011346095343,59.7804654285075,63.47821660326695,53.56750950995748,53.40102285727104,110.97410331755681,135.31399641978072,173.8236518236742,130.45507943611545,143.21733473901438,128.89115318184878,90.99926157977175,82.44803087939137,96.96491385097337,106.1346537762724,123.35341288889886
58.618388220748564,54.501123974373385,60.560413622569406,70.74083129584352,120.50805043209807,133.28460155108465,149.97744183432619,126.89967404743172,72.23880882899734,129.4798823701734,60.00569478630566,63.73457149250392,53.773036473484,53.60430452434894,111.33489603194185,135.73768180801073,174.34597225330052,130.8771872902215,143.66212063435097,129.31136582849197,91.25315506824793,82.71048332960393,97.26145670172298,106.44961979318543,123.72444539153452
58.383039226705634,54.262324379004156,60.30790153984489,70.47284035469224,120.15015830450801,132.93494436326853,149.58913116780937,126.55409688659098,71.99778035672034,129.133561682422,59.78791675990154,63.511568583575745,53.57244349966435,53.41218231982234,111.0426863462013,135.3456925486686,173.85492280152158,130.4795256209443,143.24517170992127,128.91886678181288,91.0023159543522,82.4742671738644,97.00952114567018,106.16122339113075,123.4154796886566
58.24039563897943,54.12642463751826,60.17458693941778,70.34086735096278,119.99229321825742,132.7557266494324,149.41546588737776,126.38279195234348,71.84986422994152,128.9611956778926,59.6061982546431,63.315764153054374,53.411344819870216,53.24130234853413,110.82868262264194,135.19476392929067,173.71952338330723,130.33329603938242,143.0961059644243,128.7801641955093,90.80777578876706,82.27271201611099,96.80467666144551,105.97037975819295,123.21911800991454
58.41489266044734,54.3131505001686,60.356569630212434,70.53918177413722,120.2241614367965,133.02746993368552,149.68129706642688,126.64909520062943,72.06848219215125,129.2180320665217,59.82506153501902,63.53461624524502,53.61608861042739,53.4398622731657,111.07807137569817,135.45149921682702,173.98677556500337,130.58748042067577,143.37380274107804,129.0430676745699,91.04828820765272,82.50245021257552,97.04381293354218,106.2154393127117,123.45844642336421
58.490648533213445,54.389479599865126,60.43030234910644,70.60296553355943,120.30901490653837,133.0760930650781,149.74343036978757,126.69520062942564,72.10610345565783,129.26915146530257,59.904430521369434,63.631293354217945,53.69439471917655,53.52120858661762,111.19510553823378,135.47736630118595,174.00453121503693,130.61549563660773,143.38603889549358,129.06036203763935,91.12148131573059,82.58329603938242,97.12260013425822,106.28157735358113,123.53655144568314
58.4007980218051,54.287231651118354,60.3411824210408,70.52702443861052,120.24634660236838,133.04949983140384,149.72131055411936,126.65256828144318,72.02921591382827,129.23233017475465,59.82584470798837,63.53721190422913,53.597281270977845,53.43253852538077,111.1348444404567,135.4647572163795,174.0342470351309,130.6207652718729,143.37853569906463,129.04321347659317,91.03014097113449,82.48411277690758,97.03284851197135,106.2100446378502,123.47713151342501
58.5169045745757,54.38952455884006,60.44396987748679,70.64895834507003,120.42763624891553,133.25379341351018,149.9564909520063,126.8925930088794,72.19965522292205,129.45284103072572,59.92190646677109,63.64298500783173,53.69407026180354,53.5169803279424,111.24877189834234,135.66500335645557,174.23905795479973,130.80541508167374,143.57557031022185,129.22415378748795,91.18781606623406,82.62896621168046,97.18422465876034,106.3827751732801,123.6403288396402
58.37913903562999,54.26877599190738,60.316353827132744,70.48998907079198,120.17467578560725,132.96697763290996,149.60821625266945,126.57613802405305,71.99277770892252,129.14053609455456,59.77563213246811,63.48449317520698,53.55639964197807,53.38978488593796,111.03834593212355,135.36832624748266,173.9063884537928,130.52041843812933,143.28923756757362,128.95579955586462,90.9550570597449,82.42192884314164,96.95239427164914,106.1228325968462,123.3624862609632
58.493638305046645,54.38018433179724,60.439159267168705,70.62867734048426,120.37063535880478,133.18999662807687,149.85344498145443,126.79676295380466,72.1606706252183,129.37057902268091,59.907574401432086,63.62884314164243,53.68887894383531,53.5058881586326,111.22251631861107,135.5763481763258,174.18095770865966,130.72811590959947,143.51389605437294,129.1614252708553,91.14714701275453,82.60698142761244,97.16640187961512,106.34029070680334,123.59276373342904
58.44948859166011,54.350151736540404,60.388366865235476,70.54999830991629,120.20631415276104,132.9623356187479,149.61249859503204,126.57563223558503,72.0497673318085,129.15972417833763,59.83189751622287,63.54037816066234,53.627713134929515,53.46140732599089,111.03307462820484,135.38748042067576,173.88648467218619,130.5349630789886,143.29907359637514,128.98414122608287,91.00290892817185,82.47220854777355,96.98811814723652,106.14937978062403,123.3917363899419
58.387119253681014,54.291828706305495,60.33338203888951,70.4801077146688,120.14602323301747,132.95553557378892,149.60628301674723,126.5698100483309,72.01686703548049,129.13979245771975,59.79187737748937,63.5043522040725,53.592045200268515,53.422366030371684,111.01483815975415,135.33151711792348,173.8427164913851,130.48496307898859,143.24397164711425,128.90640631659227,90.96839337659432,82.4255426269859,96.95918550011189,106.11815571656086,123.35084453018102
58.48583792289536,54.368775991907384,60.41553332584017,70.60067828693114,120.31576397417552,133.08648982803192,149.74707204675732,126.70395638979431,72.10719637646051,129.27615967910944,59.90064891474603,63.61597672857462,53.685186842694115,53.51078934972298,111.18226374464457,135.49535690311032,174.03057731036026,130.635667934661,143.40726991319173,129.08640452210582,91.1159879167599,82.58296039382412,97.12178339673305,106.29625849577174,123.53446535519616
58.48191525233225,54.38582668315163,60.43400022479487,70.61765799465934,120.36411163566302,133.22534562211982,149.89393053838373,126.84390243902439,72.15574684799387,129.39020652823004,59.87764600581786,63.596677108972926,53.65627657194003,53.48759561248065,111.20417891029811,135.6305549339897,174.2140971134482,130.7726113224435,143.55221955541597,129.18904914649738,91.15355784291788,82.59454016558514,97.14817632579995,106.32869383818219,123.59165339494403
58.53951893896819,54.41612903225806,60.46861863549511,70.65374691559722,120.412729710545,133.1701697201304,149.86503315724403,126.79304259862874,72.15049632125111,129.34412357892128,59.943130454240325,63.64724770642202,53.71368315059297,53.55418227496018,111.26128844126421,135.57380845826808,174.16436562989483,130.71013649586038,143.51517462596172,129.14148404028623,91.1750727232043,82.60792123517565,97.17695233833072,106.35281846526547,123.62644400080752
58.545565921097,54.436956277396874,60.499280656401034,70.6782418622469,120.40523700607304,133.2588512981904,149.92160278745644,126.87749803304484,72.21727716246211,129.4356021768278,59.95681360483329,63.68387782501678,53.73356455582905,53.56030595993809,111.27346851797851,135.65012307003803,174.238744685612,130.7895502349519,143.5964872927929,129.24262578228394,91.23124860147684,82.67613560080555,97.21498098008503,106.40493708081918,123.67805791704987
58.465505226480836,54.36231313926042,60.41292570529392,70.59504467454622,120.2870212837876,133.05239968528718,149.7259750477689,126.68049904462178,72.080245174811,129.23763703762125,59.85842470351309,63.57687402103379,53.64511076303424,53.468921737960116,111.12196900024674,135.45143208771538,174.01394047885432,130.6064220183486,143.36984365536887,129.03396065588478,91.0951778921459,82.5568136048333,97.08806220631014,106.26742334178238,123.53767299970839
58.43319096324604,54.335618747892546,60.3771496009891,70.54304643223328,120.1886020754228,133.03750702483984,149.68959199730247,126.66876475216365,72.10057124829584,129.22982885085574,59.841687178339676,63.552931304542405,53.63489594987693,53.46971804131805,111.06960364280748,135.40007831729693,173.8827813828597,130.55342358469457,143.30671137928715,128.98258226598776,91.11618930409487,82.58702170507944,97.11085253971805,106.27613781655862,123.51807945088714
58.53585478251096,54.416286388670336,60.46420141620771,70.6501977397947,120.37773371040979,133.16167247386758,149.85357985837922,126.79885354613914,72.16672112491972,129.35414014174168,59.91909823226673,63.63645110763034,53.70854777355113,53.52101792243332,111.21948812274287,135.58223316178115,174.13506377265608,130.73560080554935,143.52950808640452,129.18765841950608,91.17098903557843,82.63614902662788,97.17830610874915,106.35439985644109,123.62979744734304
58.54339665055637,54.456884343036975,60.49914577947623,70.68406701745293,120.40717496873346,133.20364167696977,149.87510396762954,126.81288074631898,72.19352585264724,129.38803195384943,59.959297381964646,63.67299172074289,53.74034459610651,53.56134900518158,111.23691707229537,135.61118818527635,174.19027746699484,130.75749608413514,143.55475426751306,129.1790673156726,91.1705303199821,82.63535466547326,97.16963526516,106.34086269935622,123.59770978668043
58.50356299876363,54.41035180397887,60.45620995841295,70.62406904555338,120.3077304429146,133.07922895357987,149.7404518376981,126.70137124873553,72.12397327414284,129.26381080076166,59.89404788543298,63.61848288207653,53.68707764600582,53.518270115071445,111.14738341445907,135.51691653613784,174.07224211232938,130.67205191317967,143.44831879051614,129.10371010071555,91.11213918102484,82.57411053927054,97.10339002013873,106.27694533545682,123.51645319755053
58.61155445655839,54.50754186804541,60.56445993031359,70.73264002343583,120.40676934864173,133.2293244914016,149.88801843317972,126.8388895133191,72.24089326557976,129.3828940993544,60.00618706645782,63.721727455806665,53.79206757663907,53.63425001682331,111.25760974406137,135.6306556276572,174.1665025732826,130.77206310136495,143.53979273681614,129.21029137973576,91.22311479078094,82.67817185052584,97.21724099351086,106.37827774163881,123.640541934905
58.3977745307407,54.297752051253234,60.34606046982129,70.52137955900082,120.1764898087952,132.98364617286725,149.62419916825897,126.60812633471957,72.03815082307077,129.16203395941545,59.78936003580219,63.50380398299396,53.579704631908704,53.40224535115856,111.02979969045109,135.37616916536138,173.88975162228687,130.51058402327143,143.28030999753258,128.94872254996523,91.01380622063101,82.4794696800179,97.01247482658313,106.17159776586438,123.40919898611516
58.456434753287624,54.33745082612116,60.39935933460717,70.5739974986761,120.27737653938459,133.0365628863662,149.6886028998539,126.67395751376868,72.07323696100414,129.22387975617727,59.84969791899754,63.56792347281271,53.636283284851196,53.459545546308966,111.12173347390144,135.45503468337435,173.9918997538599,130.6089841127769,143.37292792893834,129.04453691034297,91.060930857015,82.52227567688522,97.064332065339,106.21419438774366,123.46374015836342
58.54009216589862,54.434933123524786,60.48497246262785,70.644406386263,120.28090318073755,133.11202652579522,149.75477127121502,126.74807238394965,72.19064144310614,129.286119905806,59.926750950995746,63.63911389572611,53.73724546878496,53.55308315201543,111.14960409142908,135.4977287983889,173.99825464309689,130.64301857238755,143.39700769386062,129.08233328099413,91.1661781159096,82.62704184381293,97.16024837771313,106.3149996635338,123.55285884121038
58.30458581544341,54.20043835000562,60.243790041587054,70.42467296880105,120.13369688911924,132.94724064291333,149.5966393166236,126.58212880746319,71.95585501335167,129.12284655166587,59.734985455359144,63.448478406802415,53.51135600805549,53.34353199793634,111.00760413629125,135.31520474379056,173.82273439248155,130.45495636607743,143.23328323725354,128.88378457190282,90.97478183038712,82.43121503692102,96.97408816289997,106.15859895471165,123.39157937237837
58.38916488704058,54.291660110149486,60.33518039788693,70.4845920701272,120.09539959212647,132.8581207148477,149.4896706755086,126.51219512195122,71.9942424481426,129.05256160355142,59.78544417095547,63.48844260460953,53.5910606399642,53.40286220587246,110.95281622215742,135.26231819198927,173.76464533452673,130.4398746923249,143.19469056324442,128.86663601085664,90.93856567464758,82.42097784739315,96.9357574401432,106.08476705322896,123.30197842130056
58.52315387209172,54.4138810835113,60.48466898954704,70.65227090915236,120.34716572960915,133.19264920759807,149.8439361582556,126.79584129481847,72.17723344563001,129.35602176827825,59.89304094875811,63.62506153501902,53.69574848959499,53.52524618110854,111.18274601287544,135.5656522712016,174.10245021257552,130.71505929738197,143.48688903344475,129.14930127184226,91.19306332512866,82.64021033788319,97.20642201834862,106.35511765101725,123.62695991565914
58.545588400584464,54.4396200966618,60.48928852422165,70.67479409146733,120.34289545142136,133.1302573901315,149.7935259076093,126.77192312015286,72.18522190799185,129.30405732763964,59.95256209442828,63.67922353994182,53.747079883642876,53.57301316704426,111.21003342230995,135.52127992839561,174.03265831282167,130.6693555605281,143.43970525560215,129.09195621453085,91.20777578876707,82.65175654508839,97.19069142985008,106.37361207689375,123.60541486283394
58.486433629313254,54.38169045745757,60.43137012476116,70.59833470417901,120.22322625714061,133.03505676070586,149.68366865235473,126.66513431493762,72.10624992957985,129.21398713282932,59.875106287760126,63.59592750055941,53.67243231147908,53.49633251833741,111.09419932258137,135.41686059521146,173.89042291340346,130.55578429178786,143.3172203405038,128.99532311971467,91.09426046095324,82.5603155068248,97.09926157977176,106.25162064556649,123.48721428411207
58.4639653815893,54.35998651230752,60.40096661796111,70.58047615291878,120.19835949207351,133.0063054962347,149.6526132404181,126.63810273125773,72.09240251033768,129.19172309668406,59.86083016334751,63.580465428507495,53.66236294473036,53.48704605100828,111.06282945649492,135.4133810695905,173.9149026627881,130.5545871559633,143.33314640766247,128.98548709091318,91.05014544640859,82.51411948981875,97.04539046766614,106.20451537650568,123.42755882550863
58.29315499606609,54.19321119478476,60.24365516466224,70.3973612159589,120.00463082938042,132.81100370911543,149.4493199955041,126.44851073395526,71.93487544083017,128.99287911394543,59.71362720966659,63.420485567240995,53.514231371671514,53.34050380206815,110.90134810793836,135.1759677780264,173.61763257999553,130.3298948310584,143.07729750342074,128.7546712725152,90.90995748489595,82.37578876706198,96.90464309688969,106.04694825149727,123.26633543437788
58.314218275823315,54.22005170282117,60.258457907159716,70.4156479217604,119.99793809786712,132.72634595931214,149.36557266494324,126.39226705631111,71.89884285601613,128.9330388831927,59.68807339449541,63.404777355113,53.47770194674424,53.31771382427492,110.85097911666405,135.15512418885658,173.6262027299172,130.32229805325576,143.07241874341088,128.74285009308898,90.86270977847393,82.33478406802416,96.85341239650928,106.00612368497791,123.20079181714183
58.28604023828257,54.18031920872204,60.23395526581994,70.401958243665,120.03229186619043,132.82054625154547,149.46732606496573,126.45372597504777,71.89267968406702,128.99318332901424,59.66794584918326,63.37092190646677,53.46589841127769,53.289652542562976,110.86998945739217,135.18199820989037,173.66226225106288,130.3395502349519,143.09805746842827,128.77674345573226,90.85266278809577,82.32132468113672,96.84043410158873,106.01635225768825,123.23098405150176
58.49331235247836,54.38943464089019,60.440676632572774,70.61940441449866,120.29623787364935,133.05989659435764,149.70386647184444,126.6861526357199,72.10131488513065,129.22750780255316,59.8887894383531,63.60396061758783,53.68764824345491,53.50199636616496,111.15110697382293,135.47726560751846,173.98398970686955,130.61843812933543,143.39049146497388,129.05765909243848,91.11774446184829,82.57035130901768,97.11057283508615,106.26581951952626,123.50436284515825
58.448825446779814,54.34193548387097,60.400955378217375,70.5557107928746,120.16968440503419,133.00257390131506,149.6436776441497,126.63203326964145,72.08627314006287,129.15333566189312,59.818986350413965,63.54719176549564,53.620575072723206,53.44826271281487,111.01128283349409,135.3503692101141,173.84719176549564,130.51498098008503,143.26738969516163,128.93526390166215,91.01653613783844,82.504777355113,97.02463638397852,106.17587088670061,123.40922141719567
58.45279307631786,54.34911768011689,60.39862875126447,70.56369925523644,120.22944576521357,133.05677194559965,149.70866584241878,126.66777565471507,72.0853266931822,129.2192263923473,59.85586260908481,63.58106959051242,53.65316625643321,53.483030887597856,111.11121329714453,135.46218393376594,174.01852763481764,130.62200716043859,143.39279065072566,129.03447657073642,91.08270306556277,82.5462631461177,97.08619377936898,106.23489827504991,123.48797694084924
58.54530740699112,54.438350005619874,60.48383724851073,70.66166777461044,120.34683898009081,133.13045970551872,149.78033044846578,126.75017421602787,72.14935833154935,129.28668326704448,59.91282166032669,63.634929514432756,53.70427388677557,53.5307193647518,111.17013974563154,135.5282837323786,174.05901767733275,130.68833072275677,143.47682869383817,129.1228774590072,91.13948310584023,82.5979189975386,97.14150816737525,106.30624032659654,123.5474865974294
58.410082050129255,54.31285826683152,60.36731482522198,70.52677655966559,120.13845165797213,132.9258064516129,149.56653928290436,126.55318646734854,72.0336552003876,129.08486473696664,59.79149697918997,63.49771761020362,53.57825016782278,53.411733698212245,110.97991296740764,135.2840568359812,173.755952114567,130.42935779816514,143.18842107624323,128.85718131042373,90.9763929290669,82.44140747370777,96.96463414634147,106.11818936318163,123.32460016598999
58.38104979206474,54.274171068899626,60.327705968303924,70.50292384482778,120.1742814327403,132.97355288299426,149.6254804990446,126.60780038215128,71.99533536894528,129.14301488400392,59.74580443052137,63.47512866413068,53.542839561423136,53.372860635696824,111.00090845876046,135.3535019019915,173.8660886104274,130.48949429402552,143.27300868082816,128.9273793768646,90.98034235846946,82.44263817408816,96.9719959722533,106.14739462999933,123.38058814293085
58.3904012588513,54.290311340901425,60.33613577610431,70.50995459308417,120.18193187835904,132.99022142295155,149.67732943688884,126.62022029897719,72.02910324158057,129.16854641533243,59.79196688297158,63.50721637950325,53.58472812709778,53.419405127745,111.06087795249097,135.36102036249721,173.87333855448645,130.49647572163795,143.27217873084948,128.93308808685313,91.04875811143432,82.51612217498322,97.05638845379279,106.2183441376371,123.46159799017519
58.39795436664044,54.29744857817242,60.348443295492864,70.51292914042342,120.13097022072493,132.9098347757671,149.55853658536586,126.56202090592335,72.01608959697137,129.08036911428346,59.82342805996867,63.536529424927274,53.61279928395614,53.44762342702048,111.02864448980507,135.30644439471916,173.7962631461177,130.47623629447304,143.22812408873736,128.89790493708082,90.98385544864622,82.4634370105169,96.98268068919221,106.12325878737579,123.33754289944146
58.42319883106665,54.32679554906148,60.37157468809711,70.53406645409169,120.08819983549851,132.90014611666854,149.52153534899404,126.54296954029448,72.03888319268081,129.05985149797755,59.82601253076751,63.53026404117252,53.61915417319311,53.44273345147036,110.96027455642539,135.24903781606622,173.6952673976281,130.39865741776683,143.1451290908683,128.84085148381598,91.02386439919445,82.49126202729917,96.99563660774223,106.1412036517799,123.35582423005316
58.46912442396313,54.37466561762392,60.417713836124534,70.59348979752797,120.24295516771264,133.0466898954704,149.72197369899968,126.6851860177588,72.11693125866168,129.20451139679784,59.86663683150593,63.58708883419109,53.65503468337435,53.48425338148539,111.07774612503084,135.4193555605281,173.9504699037816,130.5735063772656,143.36817253987124,129.00730131670443,91.11326918773774,82.57051913179683,97.09743790557171,106.27969314281869,123.49725219263811
58.41295942452512,54.30503540519276,60.36342587389007,70.53484389260082,120.15991572115873,132.98653478700686,149.63781049792064,126.63056086321232,72.05437562673937,129.14494157943957,59.81157977176102,63.52262251062878,53.609487581114344,53.42753639442812,111.0289473093919,135.36334750503468,173.86311255314388,130.52707540836877,143.2768107489738,128.9478589533658,91.05836876258671,82.51724099351085,97.04372342805996,106.22731656983918,123.43138332473475
58.33406766325728,54.232415420928405,60.27818365741261,70.45175937714781,120.09160253737902,132.89859503203326,149.53957513768685,126.53350567607059,71.95170867463635,129.05154755332214,59.71935556052808,63.437872007160436,53.515585142089954,53.34481056952514,110.93935757385434,135.28946072946968,173.78435891698368,130.45385992392033,143.21236625468248,128.88238262937125,90.96574177668383,82.43098008503021,96.95566122174984,106.12822727170767,123.34208519324376
58.36913566370687,54.2727998201641,60.316095313026864,70.49460863294762,120.1602199362275,132.96586489828033,149.61045296167248,126.5998988423064,72.00155487701824,129.1208860545559,59.76014768404565,63.478753636160214,53.54833296039382,53.36910342971221,110.99500908458761,135.3299955247259,173.8322219735959,130.4936115462072,143.2618155716561,128.91995468921738,91.00653390020139,82.45436339225778,97.00711568583576,106.15782508243421,123.40623808348847
58.5169720130381,54.413678768124086,60.480319208722044,70.65245118474868,120.30450801663042,133.1032258064516,149.74930875576038,126.7596830392267,72.1510596824896,129.24789021216185,59.90026851644663,63.61742000447527,53.693544417095545,53.52332832372535,111.13594356340145,135.46369433877825,173.96212799283956,130.61964645334527,143.4023799376416,129.0662165496512,91.13726784515552,82.59242559856791,97.12641530543746,106.28765617639802,123.5243825845091
58.368888389344725,54.26947285601888,60.30366415645723,70.47946548285692,120.07343977104999,132.88925480499046,149.54831965831178,126.52984151961336,71.98358365351031,129.04387457325387,59.747784739315286,63.466950100693666,53.547102260013425,53.37535048563289,110.92802987819923,135.25947639292906,173.7760125307675,130.40234951890804,143.17419977120298,128.83252955294856,90.9484336540613,82.43589169836652,96.95095099574849,106.1052354141899,123.33111639487674
58.35755872766101,54.26550522648083,60.30310216927054,70.46321814473878,120.03256227958491,132.79567269866246,149.43560750814882,126.44004720692368,71.9465257512422,128.96623212736472,59.701387334974264,63.41552920116357,53.522879838890134,53.338417711581165,110.86756690069761,135.21985902886553,173.7280040277467,130.38893488476168,143.15486417980753,128.81341827235818,90.9243119266055,82.40710449765048,96.91056164690087,106.05556178641125,123.27392835512887
58.526930425986286,54.43070697988086,60.481195908733284,70.63955021238719,120.25607021734477,133.04554344160954,149.70456333595595,126.70903675396201,72.14400639978366,129.23492163645173,59.909364511076305,63.620686954575966,53.70446408592526,53.52801641955093,111.09860702990063,135.44373461624525,173.94614007607967,130.58873349742672,143.3692940938965,129.01112581593054,91.13412396509287,82.61890803311702,97.12756768852093,106.28591776765887,123.52160113052646
58.430954254243005,54.34084522872878,60.38419692031022,70.55512489718657,120.16533525627302,132.95282679554907,149.59948297178823,126.59629088456784,72.0575417168997,129.11868894572578,59.8281942268964,63.544383530991276,53.63161781159096,53.453219981606516,111.01207913685202,135.3607854106064,173.84278362049676,130.52726560751847,143.27769677665373,128.9412305690765,91.03226672633699,82.5205750727232,97.03082345043634,106.18817433435768,123.39964334581997
58.45651343149376,54.358008317410366,60.40466449364955,70.56907372145167,120.17403355379537,132.94701584803866,149.59394177812746,126.60508036416769,72.06456119793134,129.12940407648193,59.85680241664802,63.5640971134482,53.65465428507496,53.477266099908036,111.05573001951504,135.34072499440592,173.81481315730588,130.5085142089953,143.28697202844262,128.93950337587762,91.06982546430969,82.54552472588946,97.06963526515999,106.21854601736166,123.43635180906664
58.34576823648421,54.25940204563336,60.29353714735304,70.45814789359233,120.05292215474407,132.8638979431269,149.51708441047543,126.50759806676407,71.96793347830496,129.02678219327797,59.72930185723875,63.44121727455806,53.53529872454688,53.354601736165634,110.912877683318,135.2492503915865,173.72458044305213,130.3968225553815,143.16309638635292,128.82738161997264,90.94533452673976,82.42859700156635,96.93608189751622,106.08877100109912,123.30888719409614
58.42428908620884,54.32780712599753,60.37091154321681,70.53732268205019,120.15283990400324,132.95912105204002,149.61320669888727,126.61181297066427,72.04711953398758,129.10759072932746,59.80571716267622,63.520272991720745,53.611758782725445,53.441342724479036,111.0098360288015,135.339594987693,173.84940702618036,130.49996643544418,143.2673448330006,128.91185706915502,91.01486909823227,82.49911613336317,97.01149026627881,106.16874901864023,123.38935869540836
58.409104192424415,54.29750477689109,60.352163650668764,70.53298480051379,120.11781010219373,132.88390468697312,149.5440373159492,126.54408227492414,72.00855182360033,129.03620159318558,59.7632915641083,63.485365853658536,53.57603490713806,53.40400619097822,110.95659585922255,135.2755426269859,173.749675542627,130.42923472812708,143.19679908481191,128.86028801507368,90.99009845603044,82.4554374580443,96.97774669948534,106.12651129404904,123.33743074403894
58.297437338428686,54.207272114195796,60.24439698774868,70.41102835960474,119.99074960846394,132.83828256715748,149.48889513319097,126.48320782286164,71.93552893986683,128.99170732256937,59.695905124188855,63.41307898858805,53.50059297381965,53.32523945178439,110.86634440681007,135.15782054150816,173.64814276124412,130.33181919892593,143.09733967385208,128.74171732352346,90.92886551801298,82.39235846945625,96.92559856791229,106.06672124896257,123.29249007424687
58.388366865235476,54.30712599752726,60.33857480049455,70.4984282221446,120.11237929985465,132.90829493087557,149.5541418455659,126.54445318646735,72.01756560341622,129.04048313859812,59.74897068695458,63.465126426493626,53.55614231371671,53.37162692626904,110.92099773446087,135.28667487133586,173.7911501454464,130.44776236294473,143.22757452726498,128.87112222695768,90.97733273663012,82.44718057731036,96.95594092638174,106.1058298378233,123.31812879926426
58.46484208160054,54.36584241879285,60.417163088681576,70.57787342399693,120.20148051333476,133.00493424749916,149.64963470832865,126.66099808924356,72.08133809561367,129.15893547260373,59.84377936898635,63.55983441485791,53.63922577757888,53.461620421255695,111.05220833987573,135.3600358021929,173.84945177892146,130.53104721414186,143.30689082793117,128.9451111460039,91.0842470351309,82.53704408144999,97.08072275676885,106.23994526816357,123.43629573136538
58.31302686298752,54.2155108463527,60.25325390581095,70.42241952384708,120.0101292350681,132.8173092053501,149.45308530965494,126.46878723165112,71.92396876725294,128.96946582087367,59.716055045871556,63.422521816961286,53.51561870664578,53.343823601982905,110.8923981068168,135.19525620944282,173.68265831282167,130.36183710002237,143.116473385523,128.78554765483054,90.90381517117923,82.39117252181696,96.91311255314388,106.04823803862632,123.27199928220543
58.23235922220973,54.15571540968866,60.18701809598741,70.3424334952058,119.89660067828693,132.69613352815557,149.3224120490053,126.34695964932,71.84735163881784,128.8524106227395,59.62320429626315,63.32884314164242,53.422846274334304,53.25840604741931,110.77395078620937,135.0830275229358,173.5342470351309,130.24554710226002,142.97924003499247,128.66941073551513,90.82659431640188,82.3147572163795,96.8305996867308,105.95419573360849,123.15441555819744
58.426604473418,54.33700123637181,60.37994829717882,70.53767196601805,120.10833436616227,132.88111723052714,149.50340564235137,126.54565583904687,72.04011132018073,129.02529491960834,59.79781830387111,63.504575967778024,53.60313269187738,53.42348758439694,110.94573921625805,135.26056164690087,173.7220407249944,130.41582009398076,143.1891164397389,128.86081514546555,90.98454911613337,82.45957708659655,96.96306780040277,106.1109329086382,123.31194903658509
58.345520962122066,54.26164999438013,60.292705406316735,70.45993938233075,120.0209795725215,132.82120939642576,149.44933123524783,126.47764414971338,71.93627257670163,128.9592802496817,59.718952785858136,63.4290445289774,53.52374132915641,53.35303156053027,110.88021803010251,135.1743566793466,173.66380622063102,130.34733721190423,143.10198290751666,128.75351607186917,90.92524054598344,82.41135600805549,96.91116580890579,106.06814562257463,123.27261613691931
58.23496684275599,54.134090142744746,60.17963358435428,70.34268137415073,119.84944734262504,132.64997190064068,149.26750590086547,126.31146453860852,71.84946987707458,128.8078374815499,59.61709554710226,63.313593645110764,53.42051913179682,53.24807653484668,110.71398129247886,135.00431863951667,173.43343029760572,130.1724211232938,142.914032883964,128.59607231780356,90.80722756768851,82.28400089505482,96.79064667710897,105.92816446468227,123.10270070209282
58.22528942340114,54.140968865909855,60.17187816117792,70.32386510878506,119.82246233930121,132.59781948971565,149.20868832190627,126.25987411487019,71.81703153696213,128.75278582132435,59.59718057731036,63.29492056388454,53.411937793689866,53.233933738588185,110.67071173818442,134.93918102483778,173.3780040277467,130.11748713358693,142.86114039613287,128.52716403849175,90.7661781159096,82.25158872230924,96.74786305661222,105.8856351360445,123.05524775128418
58.307159716758456,54.22240080926155,60.27242890862088,70.42415467646164,119.9943889220646,132.80726087445206,149.4369337979094,126.45928964819602,71.92097168546415,128.93872883170147,59.708189751622285,63.42198478406802,53.517017229805326,53.3426908324174,110.86087122316682,135.12813828597,173.59828820765273,130.3026068471694,143.04609587043808,128.71653843565645,90.90438576862833,82.3751174759454,96.88620496755426,106.03531773625535,123.23996769924408
58.42499719006407,54.339934809486344,60.38593908058896,70.54167183081135,120.12764638941782,132.93521411711814,149.58351129594246,126.60423738338766,72.04040426802474,129.0817324484806,59.82794808682032,63.54223539941822,53.62487133586932,53.4603418496669,111.00919674300711,135.28770418438128,173.78319534571492,130.47405459834414,143.22756331172474,128.8825845090958,91.04234728127098,82.50029089281719,97.03847616916536,106.1815010879074,123.40021533837285
58.346375182645836,54.24437450826121,60.28987299089581,70.45410295989994,120.06602593715142,132.90165224232888,149.56168371361133,126.55654715072497,71.97997814158394,129.04893355717553,59.728362049675546,63.444517789214586,53.53243454911613,53.348197662681414,110.92636997824185,135.26368315059298,173.7974379055717,130.43482882076526,143.2114465803818,128.849644467374,90.9598903557843,82.42225330051465,96.94880286417543,106.10432695542944,123.33129584352078
58.22508710801394,54.13741710688996,60.17413734966843,70.33957162011426,119.87914774711841,132.6847476677532,149.30140496796673,126.32891986062718,71.83722240374973,128.8231383727874,59.580733944954126,63.300973372119046,53.403020810024614,53.22741750970144,110.72673336174604,135.05648914746027,173.4982882076527,130.20953233385544,142.95528364101298,128.63931944101748,90.80626538375475,82.2763034235847,96.79381293354218,105.9276373342904,123.1185258293892
58.45563673148252,54.34577947622794,60.400269753849614,70.57498901445585,120.1974693813167,133.01625266943913,149.67917275486118,126.66739350342812,72.07943393462756,129.1544285826958,59.81108749160886,63.52313716715149,53.60462072051913,53.43371615710729,111.01213521455328,135.37049675542627,173.9070597449094,130.51765495636607,143.30443462461588,128.9446400933133,91.07646005817857,82.53707764600581,97.07205191317968,106.20984275812566,123.45195262555798
58.37883556254917,54.28510733955266,60.33575362481736,70.51117145335932,120.14124592971505,132.95263571990557,149.59477351916377,126.58427559851636,71.97306006557525,129.07368764999492,59.76359364511076,63.4699149697919,53.55303199820989,53.391534510217355,110.9821224288374,135.31283284851196,173.87358469456254,130.47264488699932,143.25640968125435,128.8853547475382,90.98555605280823,82.44533452673976,96.98081226225106,106.1494134272448,123.36115161167314
58.465246712374956,54.36179611104867,60.41193660784534,70.59169830878956,120.22454452243868,133.10877823985612,149.75145554681353,126.74776891086883,72.12555068561063,129.23300620824085,59.86511523830835,63.588106959051245,53.671134481987025,53.495323119714676,111.08266974720172,135.4138621615574,173.91875139852317,130.57113448198703,143.3601870752114,128.99811578923757,91.091295591855,82.56089729245916,97.1132915641083,106.25656669881788,123.48314304300038
58.40265257952119,54.31342025401821,60.349511071147575,70.50562797877255,120.00936306378377,132.8815331010453,149.49852759357086,126.533741710689,72.03852264148817,129.0308496614199,59.80361378384426,63.51734168717834,53.61274334302976,53.43940243601534,110.92633633162109,135.21455582904454,173.63040948758112,130.3778585813381,143.14575716112245,128.79642672887553,90.9929066905348,82.48260237189528,96.9788095770866,106.1168210672708,123.31033399878872
58.26742722265932,54.189524558840056,60.22993143756322,70.3810913433912,119.90544544973127,132.70602450264133,149.32814431830954,126.37424974710576,71.89733304789698,128.85609500523927,59.65415081673753,63.36237413291564,53.460550458715595,53.29668468630134,110.74870460510083,135.05081673752517,173.4916648019691,130.23313940478855,142.98045131333976,128.65160045759404,90.83858805101812,82.32045200268516,96.83241217274558,105.96394203808798,123.14756286310312
58.40021355513095,54.300573226930425,60.353152748117346,70.52964970198191,120.12991110159656,132.90695740137124,149.55429920197818,126.5730021355513,72.00794339346275,129.04424639167127,59.782098903557845,63.505683598120385,53.58144998881181,53.39591978645611,110.96532154953904,135.30754083687626,173.7849071380622,130.45596330275228,143.22337991521053,128.87461025997624,90.99003132691877,82.4561982546431,96.99193331841575,106.13402570601826,123.33729615755591
58.336810160728334,54.24133977745307,60.27520512532314,70.45018196568003,119.98225412098746,132.7512757109138,149.3620096661796,126.41320669888727,71.92055479814766,128.88702353723255,59.690210337883194,63.40311031550682,53.50113000671291,53.33610731028914,110.79835580179898,135.1136272096666,173.54315283061086,130.28503020810024,143.01735044077074,128.69315403422982,90.85183486238532,82.33516446632356,96.83457149250391,105.97626791682555,123.15358560821875
58.23546139148027,54.14541980442846,60.18288187029336,70.33792660529785,119.86549187069733,132.713049342475,149.33918174665618,126.36374058671463,71.86717068718804,128.85454012822103,59.62084358916984,63.3290892817185,53.43636160214813,53.26154639869002,110.76325116080842,135.04770642201834,173.5139628552249,130.22390915193554,142.9743388439021,128.6389156815684,90.83030879391363,82.29977623629448,96.80672409935109,105.96025212534488,123.13810816267019
58.45685062380578,54.367112509834776,60.42380577722828,70.58348450193233,120.15930729102115,132.96710127009104,149.59237945374846,126.60811509497583,72.06441472400932,129.10300496884614,59.85101812486015,63.561042738867755,53.6502349518908,53.4723312621969,111.0108566429645,135.31662564332066,173.79302976057284,130.4793242336093,143.2372198918822,128.90659698077656,91.05786529424927,82.53778250167822,97.05450883866637,106.2002086090487,123.4049819429802
58.3278633247162,54.23928290434978,60.282443520287735,70.43481347109393,119.89364866539722,132.72825671574688,149.3274362144543,126.4067775654715,71.93922458959133,128.8765675526461,59.710740657865294,63.41149026627881,53.525967778026406,53.345461070859784,110.78518875754246,135.06352651599911,173.45700380398299,130.23773774893712,142.9755949844104,128.67289876853368,90.85567240993511,82.36293354217946,96.84137390915194,105.96483928130819,123.14254951661022
58.15327638529841,54.062717770034844,60.10569855007306,70.25457167645037,119.76721913625455,132.54804990446218,149.17094526244802,126.20629425649095,71.72487690556939,128.68813448559484,59.518371000223766,63.20526963526516,53.33394495412844,53.155873578430274,110.59613961104506,134.8800850302081,173.28030879391363,130.04928395614232,142.80091294497657,128.4769857114017,90.69420452002686,82.18125978966212,96.66518236742,105.81246495143671,122.99050043740607
58.337304709452624,54.252748117342925,60.29901090255142,70.44765810733158,119.94953410025576,132.73867595818814,149.35683938406206,126.40382151286951,71.94410329791668,128.893806406544,59.70385992392034,63.41314611769971,53.51580890579548,53.35064265045647,110.78970862026424,135.089069142985,173.49630789885882,130.26753188632804,143.00289360938515,128.68291424597922,90.8816961288879,82.36876258670844,96.85796598791676,106.00096453646172,123.17265202664812
58.47933011127346,54.38568056648308,60.43261773631561,70.61206945117348,120.1896161256521,132.96039114308195,149.5889738113971,126.6192649207598,72.07501718251777,129.0929546043514,59.86650257328262,63.579212351756546,53.66174759454017,53.50201879724546,111.04148628339428,135.3162228686507,173.76793466099798,130.47602371895277,143.24959063278078,128.90685493820237,91.08919221302305,82.54690087267845,97.07170507943611,106.21301675601714,123.4078643368251
58.290356299876365,54.195043273013376,60.243340451837696,70.38892206460626,119.87240994670603,132.68001573564123,149.28091491513993,126.33051590423739,71.89233040009915,128.80506574425652,59.66667039606176,63.374490937569924,53.47553143880063,53.31423700679662,110.72940266032614,135.01192660550458,173.42286865070486,130.16776683821885,142.9206836993338,128.5953320921469,90.8440814499888,82.33928171850526,96.83593645110763,105.95895112267559,123.12181198268321
58.302068112847024,54.21602787456446,60.25186017758795,70.40098926233479,119.8731310490913,132.69059233449477,149.28795099471733,126.33129144655501,71.89660067828693,128.82334118283325,59.67643768180801,63.36359364511076,53.487122398746926,53.3193737242323,110.73068123191494,135.01269859028866,173.40698142761244,130.18062206310137,142.93173100648258,128.62054462663465,90.84930633251287,82.33288207652718,96.82252181696128,105.95800901729436,123.13213027971557
58.36350455209621,54.26595481623019,60.324053051590425,70.47569096255901,119.99882820862393,132.822423288749,149.44029448128583,126.49502079352591,71.9841470147488,128.94022737259584,59.748277019467444,63.4599351085254,53.56401879615127,53.38053206522958,110.8692492317355,135.11709554710225,173.5421906466771,130.29558066681585,143.03668603216616,128.70634350956686,90.94850078317297,82.43245692548669,96.95234951890804,106.07705076153518,123.26309414324489
58.363257277734064,54.27380015735641,60.31243115656963,70.46239563733057,120.00278300451815,132.82826795549062,149.45044396987748,126.48791727548613,71.9796964609647,128.94991718589793,59.727802640411724,63.43253524278362,53.53184157529649,53.357416836769026,110.8413898297481,135.14207876482433,173.59434996643543,130.32367420004476,143.06762970772303,128.7389695161616,90.90749608413515,82.39808682031774,96.90818975162229,106.04298916578811,123.22908862519908
58.334146341463416,54.250781162189504,60.29389681915252,70.45624373260623,119.98591596903766,132.78991794987076,149.426604473418,126.45617623918174,71.94125269004991,128.91850416323956,59.677735511300064,63.38816289997762,53.48518684269411,53.32567685785424,110.8048047374442,135.16316849407025,173.6290445289774,130.3361378384426,143.10249882236826,128.7462035396245,90.88128216603268,82.37305884985456,96.87631461176997,106.02742199591755,123.19952446109329
58.31122850399011,54.225278183657416,60.26394290210183,70.42907845368607,119.97435579642378,132.79732494099136,149.43684387995953,126.45021917500281,71.93138260115151,128.91245366353814,59.68834191094204,63.403748042067576,53.50390467666145,53.326069401763085,110.82002422556694,135.09944059073618,173.54433877825016,130.2462183933766,143.02401247168075,128.67773266638255,90.90002237637056,82.36693891250839,96.88546654732602,106.02521253448779,123.22417621856845
58.226435877262,54.13576486456109,60.18410700236035,70.3433686748617,119.88647144321882,132.69525682814432,149.31914128357874,126.35761492637968,71.85065293567541,128.82775793494304,59.593835309912734,63.30006712911166,53.401420899530095,53.229727910993475,110.7306924474552,135.02963750279704,173.46124412620273,130.20890579547998,142.961900809762,128.62107175702653,90.81851644663236,82.30251734168718,96.81249720295368,105.94708508108836,123.15051255018955
58.32984151961335,54.24365516466224,60.28634371136338,70.45216499723954,119.97451353757056,132.80267505900866,149.42197369899966,126.44933123524784,71.94912848016405,128.92946717294063,59.70140971134482,63.411288878943836,53.514656522712016,53.34255624593437,110.81586326013324,135.1218952785858,173.55538151711792,130.28780487804877,143.04693703595703,128.7056257149907,90.92845155515775,82.41236294473036,96.91406354889237,106.06476974495861,123.24708956730446
